<?xml version="1.0" encoding="UTF-8" standalone="yes"?>
<addon id="repository.dubladoplay" name="dubladoplay" version="1.0.0"" provider-name="dubladoplay">
    <extension point="xbmc.addon.repository" name="Nome Repository">
        <dir>
            <info compressed="false">https://raw.githubusercontent.com/dubladoplay/dubladoplay/master/zips/addons.xml</info>
            <checksum>https://raw.githubusercontent.com/dubladoplay/dubladoplay/master/zips/addons.xml.md5</checksum>
            <datadir zip="true">https://raw.githubusercontent.com/dubladoplay/dubladoplay/master/zips/</datadir>
        </dir>
    </extension>
    <extension point="xbmc.addon.metadata">
        <summary>REPO dubladoplay</summary>
        <description>addons de dubladoplay</description>
        <disclaimer></disclaimer>
        <platform>all</platform>
        <assets>
            <icon>icon.png</icon>
            <fanart>fanart.jpg</fanart>
        </assets>
    </extension>
</addon>